,Name,Accuracy,Precision,Recall,F1,ROC AUC
0,RandomForest,0.9962897465238045,0.9962470455866917,0.997286285537187,0.9967663946811726,0.9961182751082365
1,Heuristic,0.6448515898609521,0.6194967060923053,0.9866355232026366,0.7611047777878204,0.5860418753575288
