,Name,Accuracy,Precision,Recall,F1,ROC AUC
0,RandomForest,0.996337425014737,0.9963298041051821,0.997286285537187,0.9968078153746189,0.9961741574910613
1,Heuristic,0.6448515898609521,0.6194967060923053,0.9866355232026366,0.7611047777878204,0.5860418753575288
